Start_time( In second ),End_time( In second ),Images
0,1,
,,DJI_0057.JPG
,,DJI_0580.JPG
,,DJI_0379.JPG
,,DJI_0160.JPG
,,DJI_0323.JPG
,,DJI_0158.JPG
,,DJI_0265.JPG
,,DJI_0107.JPG
,,DJI_0212.JPG
,,DJI_0371.JPG
,,DJI_0568.JPG
,,DJI_0495.JPG
,,DJI_0507.JPG
,,DJI_0430.JPG
,,DJI_0096.JPG
,,DJI_0312.JPG
,,DJI_0211.JPG
,,DJI_0444.JPG
,,DJI_0011.JPG
,,DJI_0311.JPG
,,DJI_0147.JPG
,,DJI_0445.JPG
,,DJI_0254.JPG
,,DJI_0494.JPG
,,DJI_0255.JPG
,,DJI_0257.JPG
,,DJI_0048.JPG
,,DJI_0203.JPG
,,DJI_0263.JPG
,,DJI_0202.JPG
,,DJI_0106.JPG
,,DJI_0369.JPG
,,DJI_0372.JPG
,,DJI_0434.JPG
,,DJI_0382.JPG
,,DJI_0443.JPG
,,DJI_0149.JPG
,,DJI_0381.JPG
,,DJI_0370.JPG
,,DJI_0159.JPG
,,DJI_0313.JPG
,,DJI_0010.JPG
,,DJI_0213.JPG
,,DJI_0055.JPG
,,DJI_0264.JPG
,,DJI_0432.JPG
,,DJI_0569.JPG
,,DJI_0201.JPG
,,DJI_0049.JPG
,,DJI_0431.JPG
,,DJI_0105.JPG
,,DJI_0266.JPG
,,DJI_0380.JPG
,,DJI_0056.JPG
,,DJI_0373.JPG
,,DJI_0200.JPG
,,DJI_0509.JPG
,,DJI_0148.JPG
,,DJI_0508.JPG
,,DJI_0567.JPG
,,DJI_0442.JPG
,,DJI_0383.JPG
,,DJI_0046.JPG
,,DJI_0013.JPG
,,DJI_0510.JPG
,,DJI_0210.JPG
,,DJI_0496.JPG
,,DJI_0097.JPG
,,DJI_0497.JPG
,,DJI_0104.JPG
,,DJI_0047.JPG
,,DJI_0583.JPG
,,DJI_0506.JPG
,,DJI_0321.JPG
,,DJI_0566.JPG
,,DJI_0108.JPG
,,DJI_0094.JPG
,,DJI_0324.JPG
,,DJI_0012.JPG
,,DJI_0150.JPG
,,DJI_0433.JPG
,,DJI_0256.JPG
,,DJI_0095.JPG
,,DJI_0157.JPG
,,DJI_0582.JPG
,,DJI_0581.JPG
,,DJI_0322.JPG
,,DJI_0310.JPG
1,2,
,,DJI_0057.JPG
,,DJI_0580.JPG
,,DJI_0379.JPG
,,DJI_0160.JPG
,,DJI_0323.JPG
,,DJI_0158.JPG
,,DJI_0265.JPG
,,DJI_0107.JPG
,,DJI_0212.JPG
,,DJI_0371.JPG
,,DJI_0568.JPG
,,DJI_0495.JPG
,,DJI_0507.JPG
,,DJI_0430.JPG
,,DJI_0253.JPG
,,DJI_0096.JPG
,,DJI_0312.JPG
,,DJI_0211.JPG
,,DJI_0444.JPG
,,DJI_0011.JPG
,,DJI_0311.JPG
,,DJI_0147.JPG
,,DJI_0445.JPG
,,DJI_0254.JPG
,,DJI_0494.JPG
,,DJI_0255.JPG
,,DJI_0257.JPG
,,DJI_0048.JPG
,,DJI_0203.JPG
,,DJI_0263.JPG
,,DJI_0309.JPG
,,DJI_0202.JPG
,,DJI_0106.JPG
,,DJI_0369.JPG
,,DJI_0372.JPG
,,DJI_0434.JPG
,,DJI_0382.JPG
,,DJI_0443.JPG
,,DJI_0149.JPG
,,DJI_0381.JPG
,,DJI_0370.JPG
,,DJI_0159.JPG
,,DJI_0313.JPG
,,DJI_0010.JPG
,,DJI_0213.JPG
,,DJI_0055.JPG
,,DJI_0497.JPG
,,DJI_0432.JPG
,,DJI_0569.JPG
,,DJI_0201.JPG
,,DJI_0267.JPG
,,DJI_0049.JPG
,,DJI_0431.JPG
,,DJI_0105.JPG
,,DJI_0266.JPG
,,DJI_0380.JPG
,,DJI_0056.JPG
,,DJI_0373.JPG
,,DJI_0200.JPG
,,DJI_0509.JPG
,,DJI_0148.JPG
,,DJI_0045.JPG
,,DJI_0508.JPG
,,DJI_0567.JPG
,,DJI_0442.JPG
,,DJI_0383.JPG
,,DJI_0046.JPG
,,DJI_0013.JPG
,,DJI_0510.JPG
,,DJI_0210.JPG
,,DJI_0496.JPG
,,DJI_0097.JPG
,,DJI_0093.JPG
,,DJI_0264.JPG
,,DJI_0104.JPG
,,DJI_0047.JPG
,,DJI_0583.JPG
,,DJI_0506.JPG
,,DJI_0321.JPG
,,DJI_0161.JPG
,,DJI_0566.JPG
,,DJI_0108.JPG
,,DJI_0094.JPG
,,DJI_0324.JPG
,,DJI_0012.JPG
,,DJI_0146.JPG
,,DJI_0446.JPG
,,DJI_0150.JPG
,,DJI_0433.JPG
,,DJI_0256.JPG
,,DJI_0095.JPG
,,DJI_0157.JPG
,,DJI_0582.JPG
,,DJI_0581.JPG
,,DJI_0322.JPG
,,DJI_0310.JPG
2,3,
,,DJI_0057.JPG
,,DJI_0269.JPG
,,DJI_0268.JPG
,,DJI_0160.JPG
,,DJI_0323.JPG
,,DJI_0214.JPG
,,DJI_0158.JPG
,,DJI_0015.JPG
,,DJI_0265.JPG
,,DJI_0107.JPG
,,DJI_0212.JPG
,,DJI_0428.JPG
,,DJI_0492.JPG
,,DJI_0109.JPG
,,DJI_0371.JPG
,,DJI_0568.JPG
,,DJI_0495.JPG
,,DJI_0493.JPG
,,DJI_0507.JPG
,,DJI_0430.JPG
,,DJI_0253.JPG
,,DJI_0096.JPG
,,DJI_0307.JPG
,,DJI_0312.JPG
,,DJI_0211.JPG
,,DJI_0444.JPG
,,DJI_0011.JPG
,,DJI_0311.JPG
,,DJI_0145.JPG
,,DJI_0309.JPG
,,DJI_0445.JPG
,,DJI_0384.JPG
,,DJI_0254.JPG
,,DJI_0014.JPG
,,DJI_0494.JPG
,,DJI_0429.JPG
,,DJI_0255.JPG
,,DJI_0048.JPG
,,DJI_0308.JPG
,,DJI_0447.JPG
,,DJI_0147.JPG
,,DJI_0202.JPG
,,DJI_0106.JPG
,,DJI_0144.JPG
,,DJI_0369.JPG
,,DJI_0385.JPG
,,DJI_0372.JPG
,,DJI_0382.JPG
,,DJI_0443.JPG
,,DJI_0368.JPG
,,DJI_0149.JPG
,,DJI_0511.JPG
,,DJI_0381.JPG
,,DJI_0091.JPG
,,DJI_0370.JPG
,,DJI_0159.JPG
,,DJI_0431.JPG
,,DJI_0199.JPG
,,DJI_0010.JPG
,,DJI_0213.JPG
,,DJI_0055.JPG
,,DJI_0264.JPG
,,DJI_0432.JPG
,,DJI_0569.JPG
,,DJI_0201.JPG
,,DJI_0267.JPG
,,DJI_0162.JPG
,,DJI_0105.JPG
,,DJI_0266.JPG
,,DJI_0564.JPG
,,DJI_0380.JPG
,,DJI_0056.JPG
,,DJI_0200.JPG
,,DJI_0509.JPG
,,DJI_0110.JPG
,,DJI_0512.JPG
,,DJI_0148.JPG
,,DJI_0045.JPG
,,DJI_0508.JPG
,,DJI_0163.JPG
,,DJI_0567.JPG
,,DJI_0383.JPG
,,DJI_0046.JPG
,,DJI_0013.JPG
,,DJI_0510.JPG
,,DJI_0496.JPG
,,DJI_0093.JPG
,,DJI_0585.JPG
,,DJI_0092.JPG
,,DJI_0497.JPG
,,DJI_0058.JPG
,,DJI_0448.JPG
,,DJI_0198.JPG
,,DJI_0047.JPG
,,DJI_0583.JPG
,,DJI_0321.JPG
,,DJI_0584.JPG
,,DJI_0325.JPG
,,DJI_0565.JPG
,,DJI_0215.JPG
,,DJI_0161.JPG
,,DJI_0566.JPG
,,DJI_0108.JPG
,,DJI_0094.JPG
,,DJI_0324.JPG
,,DJI_0012.JPG
,,DJI_0044.JPG
,,DJI_0252.JPG
,,DJI_0146.JPG
,,DJI_0446.JPG
,,DJI_0367.JPG
,,DJI_0326.JPG
,,DJI_0433.JPG
,,DJI_0256.JPG
,,DJI_0095.JPG
,,DJI_0582.JPG
,,DJI_0581.JPG
,,DJI_0322.JPG
,,DJI_0310.JPG
3,4,
,,DJI_0057.JPG
,,DJI_0429.JPG
,,DJI_0161.JPG
,,DJI_0383.JPG
,,DJI_0198.JPG
,,DJI_0163.JPG
,,DJI_0266.JPG
,,DJI_0308.JPG
,,DJI_0564.JPG
,,DJI_0585.JPG
,,DJI_0269.JPG
,,DJI_0446.JPG
,,DJI_0511.JPG
,,DJI_0447.JPG
,,DJI_0147.JPG
,,DJI_0493.JPG
,,DJI_0268.JPG
,,DJI_0160.JPG
,,DJI_0200.JPG
,,DJI_0144.JPG
,,DJI_0045.JPG
,,DJI_0368.JPG
,,DJI_0565.JPG
,,DJI_0495.JPG
,,DJI_0370.JPG
,,DJI_0110.JPG
,,DJI_0382.JPG
,,DJI_0251.JPG
,,DJI_0107.JPG
,,DJI_0566.JPG
,,DJI_0212.JPG
,,DJI_0428.JPG
,,DJI_0108.JPG
,,DJI_0445.JPG
,,DJI_0094.JPG
,,DJI_0324.JPG
,,DJI_0309.JPG
,,DJI_0214.JPG
,,DJI_0323.JPG
,,DJI_0012.JPG
,,DJI_0109.JPG
,,DJI_0252.JPG
,,DJI_0046.JPG
,,DJI_0584.JPG
,,DJI_0146.JPG
,,DJI_0091.JPG
,,DJI_0567.JPG
,,DJI_0384.JPG
,,DJI_0367.JPG
,,DJI_0215.JPG
,,DJI_0430.JPG
,,DJI_0013.JPG
,,DJI_0253.JPG
,,DJI_0216.JPG
,,DJI_0492.JPG
,,DJI_0385.JPG
,,DJI_0197.JPG
,,DJI_0431.JPG
,,DJI_0326.JPG
,,DJI_0307.JPG
,,DJI_0369.JPG
,,DJI_0199.JPG
,,DJI_0510.JPG
,,DJI_0014.JPG
,,DJI_0213.JPG
,,DJI_0093.JPG
,,DJI_0325.JPG
,,DJI_0582.JPG
,,DJI_0448.JPG
,,DJI_0509.JPG
,,DJI_0015.JPG
,,DJI_0145.JPG
,,DJI_0044.JPG
,,DJI_0059.JPG
,,DJI_0201.JPG
,,DJI_0583.JPG
,,DJI_0092.JPG
,,DJI_0494.JPG
,,DJI_0043.JPG
,,DJI_0512.JPG
,,DJI_0254.JPG
,,DJI_0310.JPG
,,DJI_0058.JPG
,,DJI_0162.JPG
,,DJI_0267.JPG
4,5,
,,DJI_0057.JPG
,,DJI_0269.JPG
,,DJI_0268.JPG
,,DJI_0160.JPG
,,DJI_0323.JPG
,,DJI_0015.JPG
,,DJI_0251.JPG
,,DJI_0107.JPG
,,DJI_0428.JPG
,,DJI_0492.JPG
,,DJI_0109.JPG
,,DJI_0371.JPG
,,DJI_0568.JPG
,,DJI_0495.JPG
,,DJI_0493.JPG
,,DJI_0444.JPG
,,DJI_0430.JPG
,,DJI_0253.JPG
,,DJI_0307.JPG
,,DJI_0215.JPG
,,DJI_0448.JPG
,,DJI_0011.JPG
,,DJI_0311.JPG
,,DJI_0145.JPG
,,DJI_0147.JPG
,,DJI_0445.JPG
,,DJI_0384.JPG
,,DJI_0254.JPG
,,DJI_0014.JPG
,,DJI_0494.JPG
,,DJI_0429.JPG
,,DJI_0255.JPG
,,DJI_0163.JPG
,,DJI_0146.JPG
,,DJI_0216.JPG
,,DJI_0565.JPG
,,DJI_0106.JPG
,,DJI_0144.JPG
,,DJI_0369.JPG
,,DJI_0385.JPG
,,DJI_0382.JPG
,,DJI_0212.JPG
,,DJI_0368.JPG
,,DJI_0214.JPG
,,DJI_0511.JPG
,,DJI_0381.JPG
,,DJI_0091.JPG
,,DJI_0370.JPG
,,DJI_0159.JPG
,,DJI_0431.JPG
,,DJI_0199.JPG
,,DJI_0213.JPG
,,DJI_0432.JPG
,,DJI_0059.JPG
,,DJI_0201.JPG
,,DJI_0267.JPG
,,DJI_0043.JPG
,,DJI_0162.JPG
,,DJI_0266.JPG
,,DJI_0564.JPG
,,DJI_0056.JPG
,,DJI_0309.JPG
,,DJI_0200.JPG
,,DJI_0509.JPG
,,DJI_0110.JPG
,,DJI_0512.JPG
,,DJI_0148.JPG
,,DJI_0045.JPG
,,DJI_0508.JPG
,,DJI_0567.JPG
,,DJI_0383.JPG
,,DJI_0046.JPG
,,DJI_0013.JPG
,,DJI_0510.JPG
,,DJI_0265.JPG
,,DJI_0093.JPG
,,DJI_0585.JPG
,,DJI_0092.JPG
,,DJI_0496.JPG
,,DJI_0058.JPG
,,DJI_0447.JPG
,,DJI_0198.JPG
,,DJI_0047.JPG
,,DJI_0583.JPG
,,DJI_0584.JPG
,,DJI_0325.JPG
,,DJI_0161.JPG
,,DJI_0566.JPG
,,DJI_0108.JPG
,,DJI_0094.JPG
,,DJI_0324.JPG
,,DJI_0012.JPG
,,DJI_0044.JPG
,,DJI_0252.JPG
,,DJI_0308.JPG
,,DJI_0446.JPG
,,DJI_0367.JPG
,,DJI_0326.JPG
,,DJI_0095.JPG
,,DJI_0582.JPG
,,DJI_0322.JPG
,,DJI_0310.JPG
5,6,
,,DJI_0057.JPG
,,DJI_0268.JPG
,,DJI_0160.JPG
,,DJI_0323.JPG
,,DJI_0312.JPG
,,DJI_0265.JPG
,,DJI_0107.JPG
,,DJI_0443.JPG
,,DJI_0109.JPG
,,DJI_0371.JPG
,,DJI_0568.JPG
,,DJI_0495.JPG
,,DJI_0493.JPG
,,DJI_0215.JPG
,,DJI_0430.JPG
,,DJI_0253.JPG
,,DJI_0096.JPG
,,DJI_0149.JPG
,,DJI_0158.JPG
,,DJI_0211.JPG
,,DJI_0444.JPG
,,DJI_0011.JPG
,,DJI_0311.JPG
,,DJI_0145.JPG
,,DJI_0309.JPG
,,DJI_0445.JPG
,,DJI_0384.JPG
,,DJI_0254.JPG
,,DJI_0014.JPG
,,DJI_0147.JPG
,,DJI_0494.JPG
,,DJI_0429.JPG
,,DJI_0255.JPG
,,DJI_0048.JPG
,,DJI_0146.JPG
,,DJI_0447.JPG
,,DJI_0565.JPG
,,DJI_0202.JPG
,,DJI_0106.JPG
,,DJI_0369.JPG
,,DJI_0372.JPG
,,DJI_0382.JPG
,,DJI_0212.JPG
,,DJI_0368.JPG
,,DJI_0214.JPG
,,DJI_0511.JPG
,,DJI_0381.JPG
,,DJI_0370.JPG
,,DJI_0159.JPG
,,DJI_0431.JPG
,,DJI_0199.JPG
,,DJI_0213.JPG
,,DJI_0055.JPG
,,DJI_0264.JPG
,,DJI_0432.JPG
,,DJI_0201.JPG
,,DJI_0267.JPG
,,DJI_0162.JPG
,,DJI_0105.JPG
,,DJI_0266.JPG
,,DJI_0380.JPG
,,DJI_0056.JPG
,,DJI_0200.JPG
,,DJI_0509.JPG
,,DJI_0148.JPG
,,DJI_0045.JPG
,,DJI_0508.JPG
,,DJI_0567.JPG
,,DJI_0383.JPG
,,DJI_0046.JPG
,,DJI_0013.JPG
,,DJI_0510.JPG
,,DJI_0496.JPG
,,DJI_0093.JPG
,,DJI_0092.JPG
,,DJI_0058.JPG
,,DJI_0047.JPG
,,DJI_0583.JPG
,,DJI_0321.JPG
,,DJI_0584.JPG
,,DJI_0325.JPG
,,DJI_0161.JPG
,,DJI_0566.JPG
,,DJI_0108.JPG
,,DJI_0094.JPG
,,DJI_0324.JPG
,,DJI_0012.JPG
,,DJI_0044.JPG
,,DJI_0252.JPG
,,DJI_0308.JPG
,,DJI_0446.JPG
,,DJI_0433.JPG
,,DJI_0256.JPG
,,DJI_0095.JPG
,,DJI_0582.JPG
,,DJI_0581.JPG
,,DJI_0322.JPG
,,DJI_0310.JPG
6,7,
,,DJI_0057.JPG
,,DJI_0580.JPG
,,DJI_0379.JPG
,,DJI_0160.JPG
,,DJI_0323.JPG
,,DJI_0214.JPG
,,DJI_0158.JPG
,,DJI_0265.JPG
,,DJI_0107.JPG
,,DJI_0212.JPG
,,DJI_0371.JPG
,,DJI_0568.JPG
,,DJI_0495.JPG
,,DJI_0507.JPG
,,DJI_0430.JPG
,,DJI_0253.JPG
,,DJI_0096.JPG
,,DJI_0312.JPG
,,DJI_0211.JPG
,,DJI_0444.JPG
,,DJI_0011.JPG
,,DJI_0311.JPG
,,DJI_0309.JPG
,,DJI_0498.JPG
,,DJI_0445.JPG
,,DJI_0254.JPG
,,DJI_0570.JPG
,,DJI_0494.JPG
,,DJI_0255.JPG
,,DJI_0257.JPG
,,DJI_0048.JPG
,,DJI_0203.JPG
,,DJI_0263.JPG
,,DJI_0147.JPG
,,DJI_0202.JPG
,,DJI_0106.JPG
,,DJI_0369.JPG
,,DJI_0372.JPG
,,DJI_0434.JPG
,,DJI_0382.JPG
,,DJI_0443.JPG
,,DJI_0149.JPG
,,DJI_0381.JPG
,,DJI_0370.JPG
,,DJI_0159.JPG
,,DJI_0431.JPG
,,DJI_0199.JPG
,,DJI_0010.JPG
,,DJI_0213.JPG
,,DJI_0055.JPG
,,DJI_0264.JPG
,,DJI_0432.JPG
,,DJI_0569.JPG
,,DJI_0201.JPG
,,DJI_0267.JPG
,,DJI_0049.JPG
,,DJI_0204.JPG
,,DJI_0105.JPG
,,DJI_0266.JPG
,,DJI_0380.JPG
,,DJI_0056.JPG
,,DJI_0209.JPG
,,DJI_0373.JPG
,,DJI_0200.JPG
,,DJI_0509.JPG
,,DJI_0148.JPG
,,DJI_0045.JPG
,,DJI_0508.JPG
,,DJI_0567.JPG
,,DJI_0442.JPG
,,DJI_0383.JPG
,,DJI_0046.JPG
,,DJI_0013.JPG
,,DJI_0510.JPG
,,DJI_0210.JPG
,,DJI_0496.JPG
,,DJI_0097.JPG
,,DJI_0093.JPG
,,DJI_0313.JPG
,,DJI_0497.JPG
,,DJI_0104.JPG
,,DJI_0320.JPG
,,DJI_0047.JPG
,,DJI_0583.JPG
,,DJI_0506.JPG
,,DJI_0321.JPG
,,DJI_0584.JPG
,,DJI_0161.JPG
,,DJI_0566.JPG
,,DJI_0108.JPG
,,DJI_0009.JPG
,,DJI_0094.JPG
,,DJI_0324.JPG
,,DJI_0012.JPG
,,DJI_0146.JPG
,,DJI_0446.JPG
,,DJI_0579.JPG
,,DJI_0150.JPG
,,DJI_0433.JPG
,,DJI_0256.JPG
,,DJI_0095.JPG
,,DJI_0157.JPG
,,DJI_0582.JPG
,,DJI_0581.JPG
,,DJI_0322.JPG
,,DJI_0310.JPG
7,8,
,,DJI_0057.JPG
,,DJI_0204.JPG
,,DJI_0580.JPG
,,DJI_0255.JPG
,,DJI_0257.JPG
,,DJI_0048.JPG
,,DJI_0266.JPG
,,DJI_0434.JPG
,,DJI_0203.JPG
,,DJI_0444.JPG
,,DJI_0047.JPG
,,DJI_0056.JPG
,,DJI_0506.JPG
,,DJI_0379.JPG
,,DJI_0443.JPG
,,DJI_0579.JPG
,,DJI_0209.JPG
,,DJI_0569.JPG
,,DJI_0373.JPG
,,DJI_0202.JPG
,,DJI_0106.JPG
,,DJI_0323.JPG
,,DJI_0382.JPG
,,DJI_0312.JPG
,,DJI_0570.JPG
,,DJI_0496.JPG
,,DJI_0372.JPG
,,DJI_0107.JPG
,,DJI_0148.JPG
,,DJI_0212.JPG
,,DJI_0211.JPG
,,DJI_0321.JPG
,,DJI_0567.JPG
,,DJI_0094.JPG
,,DJI_0508.JPG
,,DJI_0160.JPG
,,DJI_0509.JPG
,,DJI_0105.JPG
,,DJI_0149.JPG
,,DJI_0442.JPG
,,DJI_0012.JPG
,,DJI_0383.JPG
,,DJI_0371.JPG
,,DJI_0046.JPG
,,DJI_0507.JPG
,,DJI_0568.JPG
,,DJI_0495.JPG
,,DJI_0498.JPG
,,DJI_0497.JPG
,,DJI_0320.JPG
,,DJI_0009.JPG
,,DJI_0370.JPG
,,DJI_0159.JPG
,,DJI_0096.JPG
,,DJI_0322.JPG
,,DJI_0150.JPG
,,DJI_0313.JPG
,,DJI_0433.JPG
,,DJI_0256.JPG
,,DJI_0158.JPG
,,DJI_0265.JPG
,,DJI_0097.JPG
,,DJI_0010.JPG
,,DJI_0095.JPG
,,DJI_0157.JPG
,,DJI_0210.JPG
,,DJI_0055.JPG
,,DJI_0582.JPG
,,DJI_0263.JPG
,,DJI_0104.JPG
,,DJI_0432.JPG
,,DJI_0011.JPG
,,DJI_0311.JPG
,,DJI_0380.JPG
,,DJI_0147.JPG
,,DJI_0581.JPG
,,DJI_0201.JPG
,,DJI_0445.JPG
,,DJI_0264.JPG
,,DJI_0254.JPG
,,DJI_0310.JPG
,,DJI_0381.JPG
,,DJI_0049.JPG
,,DJI_0431.JPG
8,9,
,,DJI_0595.JPG
,,DJI_0521.JPG
,,DJI_0023.JPG
,,DJI_0340.JPG
,,DJI_0338.JPG
,,DJI_0066.JPG
,,DJI_0301.JPG
,,DJI_0391.JPG
,,DJI_0422.JPG
,,DJI_0461.JPG
,,DJI_0420.JPG
,,DJI_0229.JPG
,,DJI_0083.JPG
,,DJI_0525.JPG
,,DJI_0031.JPG
,,DJI_0480.JPG
,,DJI_0421.JPG
,,DJI_0221.JPG
,,DJI_0170.JPG
,,DJI_0037.JPG
,,DJI_0122.JPG
,,DJI_0592.JPG
,,DJI_0274.JPG
,,DJI_0133.JPG
,,DJI_0278.JPG
,,DJI_0121.JPG
,,DJI_0334.JPG
,,DJI_0593.JPG
,,DJI_0116.JPG
,,DJI_0482.JPG
,,DJI_0553.JPG
,,DJI_0081.JPG
,,DJI_0397.JPG
,,DJI_0176.JPG
,,DJI_0224.JPG
,,DJI_0220.JPG
,,DJI_0192.JPG
,,DJI_0275.JPG
,,DJI_0171.JPG
,,DJI_0280.JPG
,,DJI_0084.JPG
,,DJI_0454.JPG
,,DJI_0478.JPG
,,DJI_0457.JPG
,,DJI_0135.JPG
,,DJI_0242.JPG
,,DJI_0485.JPG
,,DJI_0067.JPG
,,DJI_0299.JPG
,,DJI_0136.JPG
,,DJI_0130.JPG
,,DJI_0036.JPG
,,DJI_0484.JPG
,,DJI_0486.JPG
,,DJI_0423.JPG
,,DJI_0086.JPG
,,DJI_0120.JPG
,,DJI_0415.JPG
,,DJI_0519.JPG
,,DJI_0481.JPG
,,DJI_0245.JPG
,,DJI_0080.JPG
,,DJI_0028.JPG
,,DJI_0071.JPG
,,DJI_0082.JPG
,,DJI_0596.JPG
,,DJI_0225.JPG
,,DJI_0191.JPG
,,DJI_0393.JPG
,,DJI_0281.JPG
,,DJI_0117.JPG
,,DJI_0123.JPG
,,DJI_0357.JPG
,,DJI_0068.JPG
,,DJI_0025.JPG
,,DJI_0554.JPG
,,DJI_0030.JPG
,,DJI_0244.JPG
,,DJI_0302.JPG
,,DJI_0138.JPG
,,DJI_0279.JPG
,,DJI_0358.JPG
,,DJI_0276.JPG
,,DJI_0590.JPG
,,DJI_0353.JPG
,,DJI_0085.JPG
,,DJI_0332.JPG
,,DJI_0190.JPG
,,DJI_0597.JPG
,,DJI_0336.JPG
,,DJI_0414.JPG
,,DJI_0239.JPG
,,DJI_0419.JPG
,,DJI_0418.JPG
,,DJI_0395.JPG
,,DJI_0417.JPG
,,DJI_0337.JPG
,,DJI_0168.JPG
,,DJI_0354.JPG
,,DJI_0134.JPG
,,DJI_0362.JPG
,,DJI_0396.JPG
,,DJI_0390.JPG
,,DJI_0064.JPG
,,DJI_0416.JPG
,,DJI_0460.JPG
,,DJI_0238.JPG
,,DJI_0069.JPG
,,DJI_0227.JPG
,,DJI_0335.JPG
,,DJI_0070.JPG
,,DJI_0222.JPG
,,DJI_0559.JPG
,,DJI_0185.JPG
,,DJI_0169.JPG
,,DJI_0591.JPG
,,DJI_0293.JPG
,,DJI_0243.JPG
,,DJI_0558.JPG
,,DJI_0035.JPG
,,DJI_0172.JPG
,,DJI_0331.JPG
,,DJI_0226.JPG
,,DJI_0184.JPG
,,DJI_0296.JPG
,,DJI_0188.JPG
,,DJI_0139.JPG
,,DJI_0240.JPG
,,DJI_0189.JPG
,,DJI_0462.JPG
,,DJI_0398.JPG
,,DJI_0356.JPG
,,DJI_0359.JPG
,,DJI_0119.JPG
,,DJI_0033.JPG
,,DJI_0029.JPG
,,DJI_0186.JPG
,,DJI_0455.JPG
,,DJI_0063.JPG
,,DJI_0339.JPG
,,DJI_0598.JPG
,,DJI_0552.JPG
,,DJI_0034.JPG
,,DJI_0556.JPG
,,DJI_0132.JPG
,,DJI_0458.JPG
,,DJI_0361.JPG
,,DJI_0300.JPG
,,DJI_0297.JPG
,,DJI_0026.JPG
,,DJI_0024.JPG
,,DJI_0078.JPG
,,DJI_0459.JPG
,,DJI_0557.JPG
,,DJI_0517.JPG
,,DJI_0039.JPG
,,DJI_0394.JPG
,,DJI_0173.JPG
,,DJI_0187.JPG
,,DJI_0223.JPG
,,DJI_0526.JPG
,,DJI_0020.JPG
,,DJI_0131.JPG
,,DJI_0555.JPG
,,DJI_0355.JPG
,,DJI_0065.JPG
,,DJI_0027.JPG
,,DJI_0523.JPG
,,DJI_0032.JPG
,,DJI_0228.JPG
,,DJI_0594.JPG
,,DJI_0174.JPG
,,DJI_0551.JPG
,,DJI_0522.JPG
,,DJI_0295.JPG
,,DJI_0247.JPG
,,DJI_0453.JPG
,,DJI_0399.JPG
,,DJI_0483.JPG
,,DJI_0518.JPG
,,DJI_0175.JPG
,,DJI_0246.JPG
,,DJI_0456.JPG
,,DJI_0294.JPG
,,DJI_0599.JPG
,,DJI_0333.JPG
,,DJI_0137.JPG
,,DJI_0520.JPG
,,DJI_0487.JPG
,,DJI_0360.JPG
,,DJI_0277.JPG
,,DJI_0115.JPG
,,DJI_0550.JPG
,,DJI_0193.JPG
,,DJI_0392.JPG
,,DJI_0062.JPG
,,DJI_0021.JPG
,,DJI_0479.JPG
,,DJI_0038.JPG
,,DJI_0298.JPG
,,DJI_0022.JPG
,,DJI_0524.JPG
,,DJI_0124.JPG
,,DJI_0079.JPG
,,DJI_0241.JPG
,,DJI_0118.JPG
9,10,
,,DJI_0229.JPG
,,DJI_0186.JPG
,,DJI_0338.JPG
,,DJI_0540.JPG
,,DJI_0461.JPG
,,DJI_0231.JPG
,,DJI_0525.JPG
,,DJI_0125.JPG
,,DJI_0480.JPG
,,DJI_0230.JPG
,,DJI_0239.JPG
,,DJI_0122.JPG
,,DJI_0133.JPG
,,DJI_0548.JPG
,,DJI_0074.JPG
,,DJI_0549.JPG
,,DJI_0295.JPG
,,DJI_0397.JPG
,,DJI_0176.JPG
,,DJI_0126.JPG
,,DJI_0464.JPG
,,DJI_0282.JPG
,,DJI_0280.JPG
,,DJI_0227.JPG
,,DJI_0413.JPG
,,DJI_0130.JPG
,,DJI_0238.JPG
,,DJI_0240.JPG
,,DJI_0415.JPG
,,DJI_0601.JPG
,,DJI_0412.JPG
,,DJI_0071.JPG
,,DJI_0177.JPG
,,DJI_0073.JPG
,,DJI_0031.JPG
,,DJI_0281.JPG
,,DJI_0294.JPG
,,DJI_0123.JPG
,,DJI_0030.JPG
,,DJI_0279.JPG
,,DJI_0353.JPG
,,DJI_0597.JPG
,,DJI_0414.JPG
,,DJI_0077.JPG
,,DJI_0476.JPG
,,DJI_0072.JPG
,,DJI_0416.JPG
,,DJI_0069.JPG
,,DJI_0178.JPG
,,DJI_0070.JPG
,,DJI_0028.JPG
,,DJI_0477.JPG
,,DJI_0185.JPG
,,DJI_0291.JPG
,,DJI_0293.JPG
,,DJI_0354.JPG
,,DJI_0400.JPG
,,DJI_0184.JPG
,,DJI_0342.JPG
,,DJI_0127.JPG
,,DJI_0460.JPG
,,DJI_0401.JPG
,,DJI_0398.JPG
,,DJI_0340.JPG
,,DJI_0339.JPG
,,DJI_0598.JPG
,,DJI_0552.JPG
,,DJI_0076.JPG
,,DJI_0132.JPG
,,DJI_0129.JPG
,,DJI_0479.JPG
,,DJI_0078.JPG
,,DJI_0182.JPG
,,DJI_0351.JPG
,,DJI_0237.JPG
,,DJI_0292.JPG
,,DJI_0341.JPG
,,DJI_0352.JPG
,,DJI_0179.JPG
,,DJI_0029.JPG
,,DJI_0526.JPG
,,DJI_0459.JPG
,,DJI_0131.JPG
,,DJI_0355.JPG
,,DJI_0527.JPG
,,DJI_0183.JPG
,,DJI_0027.JPG
,,DJI_0032.JPG
,,DJI_0284.JPG
,,DJI_0174.JPG
,,DJI_0551.JPG
,,DJI_0128.JPG
,,DJI_0399.JPG
,,DJI_0600.JPG
,,DJI_0175.JPG
,,DJI_0080.JPG
,,DJI_0075.JPG
,,DJI_0599.JPG
,,DJI_0539.JPG
,,DJI_0283.JPG
,,DJI_0478.JPG
,,DJI_0296.JPG
,,DJI_0550.JPG
,,DJI_0462.JPG
,,DJI_0236.JPG
,,DJI_0228.JPG
,,DJI_0524.JPG
,,DJI_0463.JPG
,,DJI_0124.JPG
,,DJI_0079.JPG
,,DJI_0528.JPG
10,11,
,,DJI_0229.JPG
,,DJI_0186.JPG
,,DJI_0338.JPG
,,DJI_0540.JPG
,,DJI_0461.JPG
,,DJI_0231.JPG
,,DJI_0525.JPG
,,DJI_0125.JPG
,,DJI_0480.JPG
,,DJI_0230.JPG
,,DJI_0239.JPG
,,DJI_0122.JPG
,,DJI_0133.JPG
,,DJI_0548.JPG
,,DJI_0074.JPG
,,DJI_0278.JPG
,,DJI_0121.JPG
,,DJI_0549.JPG
,,DJI_0295.JPG
,,DJI_0553.JPG
,,DJI_0397.JPG
,,DJI_0176.JPG
,,DJI_0126.JPG
,,DJI_0282.JPG
,,DJI_0280.JPG
,,DJI_0227.JPG
,,DJI_0413.JPG
,,DJI_0130.JPG
,,DJI_0238.JPG
,,DJI_0240.JPG
,,DJI_0120.JPG
,,DJI_0415.JPG
,,DJI_0601.JPG
,,DJI_0481.JPG
,,DJI_0412.JPG
,,DJI_0071.JPG
,,DJI_0177.JPG
,,DJI_0073.JPG
,,DJI_0596.JPG
,,DJI_0031.JPG
,,DJI_0281.JPG
,,DJI_0294.JPG
,,DJI_0123.JPG
,,DJI_0357.JPG
,,DJI_0068.JPG
,,DJI_0554.JPG
,,DJI_0030.JPG
,,DJI_0279.JPG
,,DJI_0353.JPG
,,DJI_0597.JPG
,,DJI_0336.JPG
,,DJI_0414.JPG
,,DJI_0077.JPG
,,DJI_0417.JPG
,,DJI_0476.JPG
,,DJI_0337.JPG
,,DJI_0072.JPG
,,DJI_0134.JPG
,,DJI_0396.JPG
,,DJI_0416.JPG
,,DJI_0069.JPG
,,DJI_0187.JPG
,,DJI_0178.JPG
,,DJI_0070.JPG
,,DJI_0028.JPG
,,DJI_0477.JPG
,,DJI_0185.JPG
,,DJI_0293.JPG
,,DJI_0354.JPG
,,DJI_0400.JPG
,,DJI_0184.JPG
,,DJI_0342.JPG
,,DJI_0460.JPG
,,DJI_0401.JPG
,,DJI_0398.JPG
,,DJI_0356.JPG
,,DJI_0033.JPG
,,DJI_0340.JPG
,,DJI_0226.JPG
,,DJI_0339.JPG
,,DJI_0598.JPG
,,DJI_0552.JPG
,,DJI_0076.JPG
,,DJI_0132.JPG
,,DJI_0129.JPG
,,DJI_0479.JPG
,,DJI_0418.JPG
,,DJI_0297.JPG
,,DJI_0026.JPG
,,DJI_0078.JPG
,,DJI_0182.JPG
,,DJI_0351.JPG
,,DJI_0237.JPG
,,DJI_0292.JPG
,,DJI_0173.JPG
,,DJI_0341.JPG
,,DJI_0352.JPG
,,DJI_0029.JPG
,,DJI_0526.JPG
,,DJI_0459.JPG
,,DJI_0131.JPG
,,DJI_0355.JPG
,,DJI_0527.JPG
,,DJI_0183.JPG
,,DJI_0027.JPG
,,DJI_0523.JPG
,,DJI_0032.JPG
,,DJI_0174.JPG
,,DJI_0551.JPG
,,DJI_0522.JPG
,,DJI_0081.JPG
,,DJI_0128.JPG
,,DJI_0399.JPG
,,DJI_0600.JPG
,,DJI_0175.JPG
,,DJI_0080.JPG
,,DJI_0075.JPG
,,DJI_0599.JPG
,,DJI_0283.JPG
,,DJI_0478.JPG
,,DJI_0296.JPG
,,DJI_0550.JPG
,,DJI_0462.JPG
,,DJI_0458.JPG
,,DJI_0236.JPG
,,DJI_0228.JPG
,,DJI_0524.JPG
,,DJI_0463.JPG
,,DJI_0241.JPG
,,DJI_0124.JPG
,,DJI_0079.JPG
,,DJI_0528.JPG
11,12,
,,DJI_0595.JPG
,,DJI_0521.JPG
,,DJI_0338.JPG
,,DJI_0066.JPG
,,DJI_0083.JPG
,,DJI_0480.JPG
,,DJI_0239.JPG
,,DJI_0122.JPG
,,DJI_0133.JPG
,,DJI_0278.JPG
,,DJI_0121.JPG
,,DJI_0295.JPG
,,DJI_0482.JPG
,,DJI_0553.JPG
,,DJI_0397.JPG
,,DJI_0457.JPG
,,DJI_0419.JPG
,,DJI_0358.JPG
,,DJI_0171.JPG
,,DJI_0280.JPG
,,DJI_0242.JPG
,,DJI_0227.JPG
,,DJI_0135.JPG
,,DJI_0067.JPG
,,DJI_0299.JPG
,,DJI_0136.JPG
,,DJI_0240.JPG
,,DJI_0120.JPG
,,DJI_0481.JPG
,,DJI_0596.JPG
,,DJI_0031.JPG
,,DJI_0357.JPG
,,DJI_0068.JPG
,,DJI_0025.JPG
,,DJI_0554.JPG
,,DJI_0082.JPG
,,DJI_0279.JPG
,,DJI_0276.JPG
,,DJI_0243.JPG
,,DJI_0597.JPG
,,DJI_0336.JPG
,,DJI_0395.JPG
,,DJI_0417.JPG
,,DJI_0337.JPG
,,DJI_0134.JPG
,,DJI_0396.JPG
,,DJI_0416.JPG
,,DJI_0069.JPG
,,DJI_0335.JPG
,,DJI_0070.JPG
,,DJI_0028.JPG
,,DJI_0185.JPG
,,DJI_0035.JPG
,,DJI_0172.JPG
,,DJI_0188.JPG
,,DJI_0460.JPG
,,DJI_0189.JPG
,,DJI_0356.JPG
,,DJI_0119.JPG
,,DJI_0033.JPG
,,DJI_0186.JPG
,,DJI_0226.JPG
,,DJI_0552.JPG
,,DJI_0034.JPG
,,DJI_0132.JPG
,,DJI_0418.JPG
,,DJI_0297.JPG
,,DJI_0026.JPG
,,DJI_0024.JPG
,,DJI_0394.JPG
,,DJI_0173.JPG
,,DJI_0187.JPG
,,DJI_0459.JPG
,,DJI_0555.JPG
,,DJI_0355.JPG
,,DJI_0027.JPG
,,DJI_0523.JPG
,,DJI_0032.JPG
,,DJI_0594.JPG
,,DJI_0174.JPG
,,DJI_0522.JPG
,,DJI_0081.JPG
,,DJI_0483.JPG
,,DJI_0175.JPG
,,DJI_0080.JPG
,,DJI_0225.JPG
,,DJI_0277.JPG
,,DJI_0296.JPG
,,DJI_0458.JPG
,,DJI_0298.JPG
,,DJI_0228.JPG
,,DJI_0524.JPG
,,DJI_0456.JPG
,,DJI_0079.JPG
,,DJI_0241.JPG
,,DJI_0224.JPG
12,13,
,,DJI_0595.JPG
,,DJI_0521.JPG
,,DJI_0338.JPG
,,DJI_0066.JPG
,,DJI_0420.JPG
,,DJI_0083.JPG
,,DJI_0480.JPG
,,DJI_0122.JPG
,,DJI_0133.JPG
,,DJI_0278.JPG
,,DJI_0121.JPG
,,DJI_0482.JPG
,,DJI_0553.JPG
,,DJI_0397.JPG
,,DJI_0224.JPG
,,DJI_0419.JPG
,,DJI_0358.JPG
,,DJI_0171.JPG
,,DJI_0242.JPG
,,DJI_0227.JPG
,,DJI_0457.JPG
,,DJI_0135.JPG
,,DJI_0067.JPG
,,DJI_0299.JPG
,,DJI_0136.JPG
,,DJI_0240.JPG
,,DJI_0120.JPG
,,DJI_0481.JPG
,,DJI_0596.JPG
,,DJI_0456.JPG
,,DJI_0357.JPG
,,DJI_0068.JPG
,,DJI_0025.JPG
,,DJI_0554.JPG
,,DJI_0082.JPG
,,DJI_0279.JPG
,,DJI_0276.JPG
,,DJI_0243.JPG
,,DJI_0597.JPG
,,DJI_0336.JPG
,,DJI_0395.JPG
,,DJI_0417.JPG
,,DJI_0337.JPG
,,DJI_0134.JPG
,,DJI_0396.JPG
,,DJI_0416.JPG
,,DJI_0069.JPG
,,DJI_0335.JPG
,,DJI_0028.JPG
,,DJI_0035.JPG
,,DJI_0172.JPG
,,DJI_0188.JPG
,,DJI_0189.JPG
,,DJI_0356.JPG
,,DJI_0359.JPG
,,DJI_0119.JPG
,,DJI_0033.JPG
,,DJI_0186.JPG
,,DJI_0226.JPG
,,DJI_0552.JPG
,,DJI_0034.JPG
,,DJI_0418.JPG
,,DJI_0297.JPG
,,DJI_0026.JPG
,,DJI_0024.JPG
,,DJI_0394.JPG
,,DJI_0173.JPG
,,DJI_0187.JPG
,,DJI_0459.JPG
,,DJI_0555.JPG
,,DJI_0355.JPG
,,DJI_0027.JPG
,,DJI_0523.JPG
,,DJI_0032.JPG
,,DJI_0594.JPG
,,DJI_0174.JPG
,,DJI_0522.JPG
,,DJI_0081.JPG
,,DJI_0483.JPG
,,DJI_0080.JPG
,,DJI_0225.JPG
,,DJI_0277.JPG
,,DJI_0296.JPG
,,DJI_0458.JPG
,,DJI_0298.JPG
,,DJI_0524.JPG
,,DJI_0241.JPG
,,DJI_0118.JPG
13,14,
,,DJI_0595.JPG
,,DJI_0521.JPG
,,DJI_0338.JPG
,,DJI_0066.JPG
,,DJI_0420.JPG
,,DJI_0083.JPG
,,DJI_0031.JPG
,,DJI_0480.JPG
,,DJI_0239.JPG
,,DJI_0122.JPG
,,DJI_0133.JPG
,,DJI_0278.JPG
,,DJI_0121.JPG
,,DJI_0295.JPG
,,DJI_0482.JPG
,,DJI_0553.JPG
,,DJI_0397.JPG
,,DJI_0224.JPG
,,DJI_0419.JPG
,,DJI_0358.JPG
,,DJI_0171.JPG
,,DJI_0280.JPG
,,DJI_0242.JPG
,,DJI_0227.JPG
,,DJI_0135.JPG
,,DJI_0067.JPG
,,DJI_0299.JPG
,,DJI_0136.JPG
,,DJI_0240.JPG
,,DJI_0120.JPG
,,DJI_0481.JPG
,,DJI_0596.JPG
,,DJI_0456.JPG
,,DJI_0357.JPG
,,DJI_0068.JPG
,,DJI_0025.JPG
,,DJI_0554.JPG
,,DJI_0082.JPG
,,DJI_0279.JPG
,,DJI_0276.JPG
,,DJI_0243.JPG
,,DJI_0597.JPG
,,DJI_0336.JPG
,,DJI_0395.JPG
,,DJI_0417.JPG
,,DJI_0337.JPG
,,DJI_0134.JPG
,,DJI_0396.JPG
,,DJI_0416.JPG
,,DJI_0069.JPG
,,DJI_0335.JPG
,,DJI_0070.JPG
,,DJI_0028.JPG
,,DJI_0035.JPG
,,DJI_0172.JPG
,,DJI_0188.JPG
,,DJI_0460.JPG
,,DJI_0189.JPG
,,DJI_0356.JPG
,,DJI_0359.JPG
,,DJI_0119.JPG
,,DJI_0033.JPG
,,DJI_0186.JPG
,,DJI_0226.JPG
,,DJI_0552.JPG
,,DJI_0034.JPG
,,DJI_0132.JPG
,,DJI_0418.JPG
,,DJI_0297.JPG
,,DJI_0026.JPG
,,DJI_0024.JPG
,,DJI_0394.JPG
,,DJI_0173.JPG
,,DJI_0187.JPG
,,DJI_0459.JPG
,,DJI_0555.JPG
,,DJI_0355.JPG
,,DJI_0027.JPG
,,DJI_0523.JPG
,,DJI_0032.JPG
,,DJI_0594.JPG
,,DJI_0174.JPG
,,DJI_0522.JPG
,,DJI_0081.JPG
,,DJI_0483.JPG
,,DJI_0175.JPG
,,DJI_0080.JPG
,,DJI_0225.JPG
,,DJI_0277.JPG
,,DJI_0296.JPG
,,DJI_0458.JPG
,,DJI_0298.JPG
,,DJI_0524.JPG
,,DJI_0118.JPG
,,DJI_0079.JPG
,,DJI_0241.JPG
,,DJI_0457.JPG
14,15,
,,DJI_0595.JPG
,,DJI_0521.JPG
,,DJI_0229.JPG
,,DJI_0340.JPG
,,DJI_0338.JPG
,,DJI_0540.JPG
,,DJI_0461.JPG
,,DJI_0525.JPG
,,DJI_0480.JPG
,,DJI_0230.JPG
,,DJI_0239.JPG
,,DJI_0122.JPG
,,DJI_0133.JPG
,,DJI_0074.JPG
,,DJI_0278.JPG
,,DJI_0121.JPG
,,DJI_0549.JPG
,,DJI_0295.JPG
,,DJI_0482.JPG
,,DJI_0553.JPG
,,DJI_0397.JPG
,,DJI_0176.JPG
,,DJI_0224.JPG
,,DJI_0419.JPG
,,DJI_0358.JPG
,,DJI_0282.JPG
,,DJI_0280.JPG
,,DJI_0242.JPG
,,DJI_0227.JPG
,,DJI_0413.JPG
,,DJI_0135.JPG
,,DJI_0067.JPG
,,DJI_0130.JPG
,,DJI_0238.JPG
,,DJI_0240.JPG
,,DJI_0120.JPG
,,DJI_0415.JPG
,,DJI_0481.JPG
,,DJI_0071.JPG
,,DJI_0177.JPG
,,DJI_0073.JPG
,,DJI_0596.JPG
,,DJI_0031.JPG
,,DJI_0281.JPG
,,DJI_0294.JPG
,,DJI_0123.JPG
,,DJI_0357.JPG
,,DJI_0068.JPG
,,DJI_0025.JPG
,,DJI_0554.JPG
,,DJI_0030.JPG
,,DJI_0082.JPG
,,DJI_0279.JPG
,,DJI_0353.JPG
,,DJI_0597.JPG
,,DJI_0336.JPG
,,DJI_0414.JPG
,,DJI_0077.JPG
,,DJI_0395.JPG
,,DJI_0417.JPG
,,DJI_0337.JPG
,,DJI_0072.JPG
,,DJI_0134.JPG
,,DJI_0396.JPG
,,DJI_0416.JPG
,,DJI_0069.JPG
,,DJI_0341.JPG
,,DJI_0335.JPG
,,DJI_0070.JPG
,,DJI_0028.JPG
,,DJI_0477.JPG
,,DJI_0185.JPG
,,DJI_0293.JPG
,,DJI_0354.JPG
,,DJI_0172.JPG
,,DJI_0400.JPG
,,DJI_0184.JPG
,,DJI_0188.JPG
,,DJI_0460.JPG
,,DJI_0189.JPG
,,DJI_0398.JPG
,,DJI_0356.JPG
,,DJI_0119.JPG
,,DJI_0033.JPG
,,DJI_0186.JPG
,,DJI_0226.JPG
,,DJI_0339.JPG
,,DJI_0598.JPG
,,DJI_0552.JPG
,,DJI_0034.JPG
,,DJI_0132.JPG
,,DJI_0479.JPG
,,DJI_0418.JPG
,,DJI_0297.JPG
,,DJI_0026.JPG
,,DJI_0024.JPG
,,DJI_0078.JPG
,,DJI_0237.JPG
,,DJI_0394.JPG
,,DJI_0173.JPG
,,DJI_0187.JPG
,,DJI_0352.JPG
,,DJI_0029.JPG
,,DJI_0526.JPG
,,DJI_0459.JPG
,,DJI_0131.JPG
,,DJI_0555.JPG
,,DJI_0355.JPG
,,DJI_0527.JPG
,,DJI_0183.JPG
,,DJI_0027.JPG
,,DJI_0523.JPG
,,DJI_0032.JPG
,,DJI_0594.JPG
,,DJI_0174.JPG
,,DJI_0551.JPG
,,DJI_0522.JPG
,,DJI_0081.JPG
,,DJI_0399.JPG
,,DJI_0483.JPG
,,DJI_0600.JPG
,,DJI_0175.JPG
,,DJI_0080.JPG
,,DJI_0225.JPG
,,DJI_0599.JPG
,,DJI_0478.JPG
,,DJI_0277.JPG
,,DJI_0296.JPG
,,DJI_0550.JPG
,,DJI_0462.JPG
,,DJI_0458.JPG
,,DJI_0298.JPG
,,DJI_0228.JPG
,,DJI_0524.JPG
,,DJI_0124.JPG
,,DJI_0079.JPG
,,DJI_0241.JPG
,,DJI_0457.JPG
15,16,
,,DJI_0229.JPG
,,DJI_0530.JPG
,,DJI_0338.JPG
,,DJI_0349.JPG
,,DJI_0540.JPG
,,DJI_0233.JPG
,,DJI_0461.JPG
,,DJI_0231.JPG
,,DJI_0285.JPG
,,DJI_0525.JPG
,,DJI_0125.JPG
,,DJI_0403.JPG
,,DJI_0480.JPG
,,DJI_0230.JPG
,,DJI_0239.JPG
,,DJI_0122.JPG
,,DJI_0465.JPG
,,DJI_0548.JPG
,,DJI_0074.JPG
,,DJI_0549.JPG
,,DJI_0295.JPG
,,DJI_0234.JPG
,,DJI_0397.JPG
,,DJI_0176.JPG
,,DJI_0126.JPG
,,DJI_0546.JPG
,,DJI_0464.JPG
,,DJI_0602.JPG
,,DJI_0282.JPG
,,DJI_0280.JPG
,,DJI_0413.JPG
,,DJI_0411.JPG
,,DJI_0603.JPG
,,DJI_0130.JPG
,,DJI_0238.JPG
,,DJI_0547.JPG
,,DJI_0232.JPG
,,DJI_0286.JPG
,,DJI_0529.JPG
,,DJI_0474.JPG
,,DJI_0415.JPG
,,DJI_0601.JPG
,,DJI_0475.JPG
,,DJI_0412.JPG
,,DJI_0071.JPG
,,DJI_0177.JPG
,,DJI_0073.JPG
,,DJI_0344.JPG
,,DJI_0031.JPG
,,DJI_0281.JPG
,,DJI_0294.JPG
,,DJI_0123.JPG
,,DJI_0030.JPG
,,DJI_0343.JPG
,,DJI_0353.JPG
,,DJI_0538.JPG
,,DJI_0597.JPG
,,DJI_0414.JPG
,,DJI_0077.JPG
,,DJI_0476.JPG
,,DJI_0072.JPG
,,DJI_0287.JPG
,,DJI_0416.JPG
,,DJI_0180.JPG
,,DJI_0178.JPG
,,DJI_0070.JPG
,,DJI_0028.JPG
,,DJI_0181.JPG
,,DJI_0477.JPG
,,DJI_0185.JPG
,,DJI_0291.JPG
,,DJI_0293.JPG
,,DJI_0354.JPG
,,DJI_0400.JPG
,,DJI_0184.JPG
,,DJI_0342.JPG
,,DJI_0537.JPG
,,DJI_0127.JPG
,,DJI_0460.JPG
,,DJI_0401.JPG
,,DJI_0398.JPG
,,DJI_0340.JPG
,,DJI_0339.JPG
,,DJI_0598.JPG
,,DJI_0552.JPG
,,DJI_0076.JPG
,,DJI_0132.JPG
,,DJI_0129.JPG
,,DJI_0479.JPG
,,DJI_0078.JPG
,,DJI_0182.JPG
,,DJI_0351.JPG
,,DJI_0237.JPG
,,DJI_0292.JPG
,,DJI_0341.JPG
,,DJI_0350.JPG
,,DJI_0352.JPG
,,DJI_0179.JPG
,,DJI_0029.JPG
,,DJI_0526.JPG
,,DJI_0289.JPG
,,DJI_0131.JPG
,,DJI_0290.JPG
,,DJI_0355.JPG
,,DJI_0527.JPG
,,DJI_0183.JPG
,,DJI_0027.JPG
,,DJI_0284.JPG
,,DJI_0551.JPG
,,DJI_0128.JPG
,,DJI_0399.JPG
,,DJI_0410.JPG
,,DJI_0600.JPG
,,DJI_0175.JPG
,,DJI_0075.JPG
,,DJI_0599.JPG
,,DJI_0539.JPG
,,DJI_0402.JPG
,,DJI_0283.JPG
,,DJI_0235.JPG
,,DJI_0478.JPG
,,DJI_0466.JPG
,,DJI_0550.JPG
,,DJI_0462.JPG
,,DJI_0236.JPG
,,DJI_0228.JPG
,,DJI_0524.JPG
,,DJI_0463.JPG
,,DJI_0124.JPG
,,DJI_0079.JPG
,,DJI_0528.JPG
